file_name,vakyansh_transcription,fine_tuned_whisper_transcription
broken-vad_00_lshQKEpvm6c-7,మీరర ,వాడు మాయము దిట్టిన్ సార్ వాడు మాయము దిట్టిన్ సార్ వాడు మాయము దిట్టిన్ సార్ వాడు దిట్టిన్ సార్
broken-vad_01_E8KRQoNpp8Y-0,హలో యూవస్ వెల్కంగ్ర తెలిగవయూట్యూబ్ ఛానల్ కంపెనీలో పెట్టుబడి చేసేటప్పుడు మూడు రకాల ఇన్వెస్టరస్పెట్టుబడి దారుల గురించి మనం తరచుగా వింటూనే ఉంటాము వాళ్ళు ఎవరో కాదు ప్రమోటస్ ఫారన్ ఇన్స్టిట్యూషనల్ ఇన్వెస్టర్అఅంటుంటాము రమస్ట ఇన్స్ట్యూషన్ ఇన్వెస్టని అంటూంటాంు అ ముగ్గురుఎందుంత ముఖ్యమై,హెల్వ్ వ్యూవర్స్ వెల్కంస్తుగ్రాలు తెలిగివి యూట్యూట్ ఛానల్ ఓ కంపెనీలో పెట్టుబడి చేసేటప్పుడు మూడు రకాల ఇన్వెస్టర్స్ వారు పెట్టుబడిదారు గురించి మనం తరచుగా వెంటునే ఉంటాము వాళ్లు ఎవరో కాదు ప్రమోటర్స్ ఫారెన్ ఇన్స్ట్యూషనల్ ఇన్వెస్టర్స్ డీఐయాన
broken-vad_01__5BntK9iyo4-2,తమ జీవితాల్లోకి కొత్త ఆనందాన్ని తీసుకుని వచ్చిన శిశువుతో ముచ్చట్లు చెప్పేందుకు ఏ తల్లిదండ్రులు ఇష్టపడరు చెప్పండి ,తమ జీవితంలోకి కొత్త ఆనందాన్ని తీసుకొని వచ్చిన శిశువుతో బుచ్చట్లు చెప్పేందుకు ఏ తల్లిదండ్రులు ఇష్టపడటి చెప్పండి
broken-vad_02_WSrcQ5d4eGs-0,ఏఆగాగ క్కడోట రే ,ఆగా కల్పోతున్న వేటి లోపులు కాలడానికి ఇల్లేదు ఇది లేడిసుండి ఆట్లో కాకులం  వలస  మాందసా మీవురు పాక్కనేమ వూర్కలేదు పక్కురేతి లోపులకు గెత్తరేటీ ఏలడానికి ఇల్లేదంటీ ఇల్లేదు
broken-vad_02_YvnbpgyNEG0-2,అంటే ఆల్మోస్ట్ అన్ని జిల్లాల్లోనూ మన విశాఖపట్నం నుంచి ఈస్టు గూడావరి నుంచి శ్రీకాకుళ డిస్ట్రిక్టస్ వరకు ఉన్న ిస్టరిక్్లోనూ ఒకటి రెండు చోట్ల అంటే ఏదో ఒక చోట ఒకటి రెండు చోట్ల భారీ వర్షం నమోదయ్య అవకాశం ఉంది అలాగే సౌత్ కోస్ట్ లో ఆంధ్రప్రదేశ్ లో ఉన్నటువంటి జిల్లాలో ఒకటి రెండు చోట్ల భారీ వర్ష,అల్మోస్టు అన్ని జిల్లాల్లోనూ విశాఖపట్నం నుంచి ఈస్టుగొడావరించి స్ట్రికాకుల డిస్టిక్స్ వరకు ఉన్న అన్ని డిస్టిక్స్లోనూ ఒకటి రెండు చోట్లా ఏదొకచోట ఒకటి రెండు చోట్లా భారీవర్షం నమోదయ్య అవకాశం ఉంది
broken-vad_02_YvnbpgyNEG0-4,ంగా ఉండాలని ఆదేశించారు మరోవైపు ఏపీలోనూ వర్షాలు దంచికొడుతున్నాయి పోలవరం ప్రాజెక్టు వద్ద పిల్ ఎగువకు వరదనీరు వచ్చి చేరుతోంది ఉన్నతాధికారులు ఎప్పటికప్పుడు పరిస్థితిని సమీక్షిస్తున్నారు ఇటు ధౌళశ్వరం బ్యారేజీ వద్ద కూడా గోదావరి నీటి మొట్టం అంతకంతకు పెరుగుతోంది గోదావరి ఉగ్రరూపం దాల్చడంతో తూర్పు గోదావరిలోని లంకలు వలవలాడుతున్నాయి ,ఉండాలని ఆదేశించారు మరువైపు ఏపీలోనూ వర్షాలు దంచికొడుతున్నాయి పోలవరం ప్రాజెక్టు వద్ద స్పిల్వే ఎగువకు వరదనీదు వచ్చి చేరుతోంది ఉన్నతాధికారులు ఎప్పటికప్పుడు పరిస్థితిని సమీక్షిస్తున్నారు ఇటు దవాలిశ్వరం బ్యారేజీ వద్ద కూడా గోదావరి ఉగ్గరించడ�
broken-vad_02_YvnbpgyNEG0-5,వరదనీటి ఉద్ధృత్తికి గట్లు చాలా చోట కోతకు గురవుతున్నాి ఇటు ఏటికట్లు బలహీనంగా మారడంతో ఎప్పుడేం జరుగుతుందో ని లంకలు ప్రాణాలు అరచేతిలో పెట్టుకుని గడుపుతున్నాయి కొన్ని చోట్ల ముంపు భయంతో ఎత్తైన ప్రాంతాల్లో గుడారాలు వేసుకుని తలదాచుకుంటున్నారు జనం ,వరద నీటి ఉధృతికి గట్లు చాలా చోట కోతకు గురవుతున్నాయి ఇటుగట్లు బలహీనంగా మారడంతో ఎప్పుడేం జరుగుతుందోనని లంకలు ప్రాణాలు అరచేతిలో పెట్టుకుని గడుపుతున్నాయి కొన్నిచోట్ల ముంపు భయంతో ఎత్తైన ప్రాంతాల్లో గుడారాలు వేసుకుని తలదాచుకుంటున్నారు
broken-vad_02_eWANW0LMQWw-10,్ల ఉంటా అక్కడ చేస్తాఇక్కడ చేస్తాను నువ్వు లా తప్పించుకుంటామని ఆల్రెడీనీ ఫ్లైట్ టికెట్లు బుక్ చేస్తే అర్జెంట్గా వెళ్లాలి అవుంపోచ్ు టిఏయిర్పో్టు ఎరు మను లేంట రెండు రాష్ట్రాలో ఎక్కడ పెద్ద మంషన ఫంక్షన్ జరిగిన అక్కడికి ళ్ిచత,సత్తుబండ్లోకా ఉంటాను అక్కడం చేస్తానే ఇక్కడ అదే చేస్తాను నువ్విలా తప్పించుకుంటానే అర్డుని ఫ్లైటికేట్లు చేసేనా అర్జెంట్గా వెళ్లాలి ఆర్ట్లో కేలిపోవచ్చు అదేవాడు ఏర్పోట్టు మనులేరుంటి
broken-vad_02_eWANW0LMQWw-14,ిపోర్ ప్రాబ్ల ల్లీ స,సైలెంట్లో పోగెట్టా బండు బోర్కొచ్చిన సార్ ఏడు మీ ప్రాప్లమెంటీ ఓరై దోవలమందుగూడా ఎంతులా కొట్టరుగాదడిగా కుంటే పొల్లీషన్ కేసేర్తున్నారని ఏమానం నటుకోవడికి అత్తాను పొలీసులు కేసుపేటా కేసుపేటా మేఘాలు గలిస్పోతుకువాదు పొగాంత సరీపుట్టుకి పొగాపుతు
broken-vad_02_eWANW0LMQWw-4,గర అడ్ కృష్ణభాన్ గారు ే చూసారు కైదే చూశారా బీస్లో పల్లి ల్మకూడం చూశారు లైట్లో పల్లి లమ్ కూడా చూశారా కార్కి,గారు ప్రశ్నభగ్వాన్ గారు గారు గారు గారు గారు
broken-vad_02_eWANW0LMQWw-7,మరణం తప్పద మరణించినవా పట్టడం తప్అలాగే బయటకి వెళ్లివాడిి వడం తప్ అర్మరావడం తప్అర్థమపెళ్లి చేసుకుదా నీకు అనిపిస్తుంది ఓకరి సినిమాలో పండుగాడు దొరుకుతాడు అనుకుండి సత్త పండుగాడు దొరికాడు  కనీస,తప్పదు మరణించిన వారిని పొట్టడం తప్పదు అలాగే బయటకు వాడికి లోపటికి రావడం తప్పదను అర్థమైనార్థమైనార్థమైనార్థమైనార్థమైనార్థమైనార్థమై
broken-vad_02_eWANW0LMQWw-8,చెప్పుకవాలిరెండ సోర రాబబమూడ సోతర బబబబ,చాల్చాల్లే కానీ ఏంటి పోల్లో మర్యాదు ఎలా జరిగింది అలా జరిగింది వచ్చాబబాబు రా అన్నారు
broken-vad_03_62WGmeWoYQ0-1,న్వు ,వండుకుంటవరు నువ్వు సదుకుని నాలేరు వెంచరా అంటే నాలుగు తిక్కులు వచ్చుతావరా మీవుడు చండర్ల బొమ్మెట్లు ఉంటారు
broken-vad_03__5BntK9iyo4-0,వారి భూసిన వులలో అంతులేని ఆనందాన్ని చూసుకోవడం ఎవరికైనా సహజమే ఈ క్రమంలో శశవుఆడించేందుకు రంగురంగుల వస్తువులను వారికి చూపిస్తూ ఉంటారు కాస్తంత దూరంగా ఉన్న వస్తువుని శిశవు చూడగలుగుతారా అనే సందేహం మీకు రావచ్చు అంతేకాదు వారు రంగులను గుర్తించగలుగుతారా అనే సందేహం వస్తుంది ,వారి భూసి నవ్వులలో అంతులేని ఆనందాన్ని చూసుకోవటం ఎవరికైనా సహజమే ఈ క్రమంలో శిశువును ఆడించేందుకు రంగురంగుల వస్తువులను వారికి చూపిస్తూ ఉంటారు కాస్తంత దూరంగా ఉన్న వస్తువుని శిశువు చూడగలుగుతాడా అనే సందేహం వస్తుంది
broken-vad_04_Qr81X7ADSC4-1,కనిపించింది కాపోతది ఇంకా కొద్దిగా పెద్దపించలేదుిచూద్దాం ఫి చూసుకుంటే ఫ్రెం్ నుంచి ఫ్రెడపరొఫల్ చూడొచ్చు్తుంది,కనిపించింది కాపుతాదింగా కొద్దిగా పెద్ద ఇంజన్ ట్విన్ సిలిండర్ ఇంజన్ సింగిల్ సిలిండర్ ట్విన్ ఎగ్జాస్ట్ ఉంటుంది అంతమించి ఎక్కడ నాకు డిఫరెన్స్ అయితే కనిపించి లేదు
broken-vad_04__5BntK9iyo4-0,పుట్టిన బిడ్డ ఒకఎక్కువక్కండన్నప్పుడు తల్లి ముఖ,పుట్టిన బిడ్డ ఒక ఫీట్ ఒకటిన ఫీట్ల కంటే ఎక్కువ రెండు కండా ఫోకస్ చేయలేదు బైనాకుల విజన్ అనేది రెండు ఫీట్ల కంటే ఎక్కుండదు కానుక తల్లి దిగల ఉన్నప్పుడు తల్లి మూకాన్ని గుర్తుబట్టా కలుగుతాది మొదటినెలల్లో పాపా
broken-vad_04__5BntK9iyo4-3,తోటలకు  కట్టే,తొట్టెలకు ఎలుగు ఆకుపచ్చదంగు ఉండి రెట్టు చిలికలి బట్టేది ఎలుపు ఆకుపచ్చదంగు
broken-vad_04_bDiT5kKKnjY-0,ఒక కార్వాషర్ అయితే తెప్పించడం జరిగింది ఇట్లోమనకు డ్ి రెండు మోడాల్స్ ఉంటాయి ఎ్ అనేది మనకు  ఎవలబుల్గా ఉంది దీ ప్రత్యేకత ఏటటే ఈడ్జెట్ కార్వాష్లో ఏంటంటే త వళళు ప్రవే్ చేరు మనం ఎక్స్ట్రా పరిచ్ చేసుకోవాల్సి వస్తంది కానీ దీంట్లో నకుప్రవే చేస్తు,కార్వాస్తు అయితే తెప్పిజం జరిగింది ఇంట్లో మనకు ఎస్త్రీ ఎండ్ ఎస్ఫై రెండు మోడల్స్ ఉంటే ఎస్త్రీ అనేది మనకు ఇండర్ ఫైతోజన్ బడ్జెట్లు అవెల్లుగా ఉంది దీని ప్రత్యేకి అంటే మోములుగా జనాలుగా ఈ బడ్జెట్ కార్వాస్తులో ఇంట్లు పైపైలు పైపుకూడా ప్రవాస్తులు
broken-vad_04_eWANW0LMQWw-33,అమెరికా నుంచి బుక్ చేసాను గ్రేట్ చెప్పడి తనబబల కట చేయడానికి అమెరికా నుంచి నావ ,అమెరికా నుంచి పుక్ చేసేను గ్రేట్ చెప్పని గితనే డబుల్ కమిట్ చేయడానికి అమెరికా నుంచి రావాలా రాజీ అప్పా కేకార్ చేయడాను దుమైదాంకపోవాలను కాకీ కాకీ ఇంతకు ఈమె రెండి ఏమెనా పీఎయ్ అంటే పరిసిస్టెంట్ లేదు మాపక్కింట అమ్మే రావేంట దగ్గరివచేసిందగ్గరివచే
broken-vad_04_eWANW0LMQWw-52,ఎవరది చేస్తు్నాడు మీద అది నాిమూర్,మూర్తి మూర్తి మూర్తి వాడు నామ్యుదించం ఎవర్తది చేయాప్తి ఏడమేదా అది నాది మూర్తి వాడు నావాడు ఇదన హింటి మూర్తి ఇంటి ఒక యానిమల్లవరి అదు ఒకటి తెలుసు నాకు చాలు మూర్తి సిగ్గులేదా కుక్కలు కుక్కలితింటిది ఇలాంటిదంతో ఫ్రాన్షించేసేది
broken-vad_05_lshQKEpvm6c-0, మొత్తం న్ ెట్టప్పా  స్కూల్ ,మొత్తం నల్బై తెల్లా పీపుర్లు వీటినారు మీరు గాస్తుంది అని వెట్టారు పీపుర్ నీటింటారు మార్గులిస్తున్నారు నల్బై పీపుర్ నీటింటి అంటే రెండరుండటి ఎన్నిమార్కులు పాస్
broken-vad_05_lshQKEpvm6c-8,నుేరా ,అమ్మ ఇంతసాయకువగారు
broken-vad_06_g1vCoK8wf-U-0,ఎక్స్పీరియన్స్ ్ది పీపుల్ ఎవరో చెప్తే కాదు ఇన్వెస్ట్మెంట్ పట్యిపోయింద ఎందుకంటే ఒ డోమెంట్ పలసుం వచ్చిన ట్ లేదు ఒసృద్ధిఒ,ఎక్పీరెన్స్ అప్తు పీపల్ ఎవరో చెప్తే కాదు ఇన్వెస్టమెంట్ పెట్టను అలకి ప్రూవైపోయింది ఎందుకంటే ఒక ఎండోమెంట్ పాల్సులో బెడితే ఇరోవేల క్రమంలో వచ్చిన రేటను పోర్టు పైపాసం లేదు
broken-vad_06_g1vCoK8wf-U-1,దగ్గరగాలేదటిే తక్కువగాఉన్నాయి కానీ ఒక స్థలంగా ఉంటాయి దిూడట్లయిపోయిందిఐదు లక్షలలో ఉంటే పద ్షలయిపోయిందిఅపార్ట్మెంట్  ఉంటేతుందింది ,ఇంటర్లేషన్కు అగ్గరగా లేదా ఇంటర్లేషన్ కట్టే తక్కువగా ఉన్నాయి కానీ ఒక స్థలం ఉంటే మూడ్రెట్ లేప్పింది ఐదు లక్షర్లకు ఉంటే పదహిన లక్షలు లేప్పింది ఒక అపార్ట్మెంట్ ఉంటే
broken-vad_06_xpMl4UJUzC0-0,ఇండియా కేంద్రంగా మైక్రోసాఫ్ట్ చేపట్టే పలు ప్రాజెక్టులకు హైదరాబాద్లో ఏర్పాటు చేయబోయే డేటా సెంటర్లు అత్యంత కీలకంగా మారుతాయని స్పష్టం చేశారు డాటా సెంటర్లతో భవిష్యత్తులో మరిన్ని ప్రాజెక్టుల కోసం తెలంగాణ ప్రభుత్వంతో కలిసి పనిచేసేందుకు ఉన్న అవకాశాలను తమ సంస్థ సానుకూలంగా పరిశీలిస్తుందని ప్రకటించారు ,ఇండియా కేంద్రంగా మైక్రోసాఫ్ట్ చేపట్టే పలు ప్రాజెక్టులకు హైదరాబాద్లో ఏర్పాటు చేయబోయే డేటా సెంటర్లు అత్యంత కీలకంగా మారుతాయని స్పష్టం చేశారు డేటా సెంటర్లతో భవిష్యత్తులో మరిని ప్రాజెక్టుల కోసం తెలింగా ప్రభుత్వంతో కలిసి పనిచేసేందని ప్రకటిం�
broken-vad_07_bDiT5kKKnjY-0,ఇచూడండిది దీని మీద మనకు ఫోమ్ పాట్ అని చెప్పేసి ఇచ్చారు కానీది ఫోన్ పాటు కాదు ఇది ఓన్లీ మనకు సోప్పో డిస్పెన్సర్ అన్మాట దీంతోటి మనకు ఎక్కువ ఫోన్ అయితే రాదు అందుకనే నేను ఎక్స్ట్రా ఒక ఫోన్ క్యాన్ అయితే తెప్పించడం జరిగింది దాన్ని కూడా అిబాక్ చేసి మీకు ఈ వీడియోలోని చూపిస్తా దీంతో కూడా ఎంతవర,దీనిమీద మనకు ఫోమ్ పాటం చేప్పే ఇచ్చారు కని ఫోమ్ పాటు గాదు ఇది ఒకలు సోక్ డిస్పెన్సర్ అనుమాట దీంతోటే మనకు ఎక్కువ ఫోమ్ అయితే రాదు అందికనేనేనే ఎక్స్టా ఒక ఫోమ్ క్యానైతే తెప్పించడింది దానుకూడా అనువక్సేసి మీకు ఇవీలులను చూపిస్తా దీంతోకూడా వరకు
broken-vad_08_62WGmeWoYQ0-6, ,లైందాన్ని అవుట్లా సర్యార్ బాయింటిగాలం మెడియేతాను పోతా సర్ముఖు గేమారుతాం సర్ వద్దురా మరేపారుతామా రాగపోవచిన స్కూల్కి
broken-vad_08_bDiT5kKKnjY-0,మనం ఎక్స్ట్రా పర్చేసతే చేయక్కలేదు దీంతో పాటు మనకు ప్రైవేట్ చేస్తున్నారు దీని లెంత దగ్గర దగ్గర మనకు త్రీ మీటర్స్ వరకు దీని లంతయితే మనకు ఉంటుంది ఇది వటరనమాట ఇది మెన్ గా మనకు కార్చుట్టూ తిరగడానికి సరిపో ంత లంత ఉంటుందఅంటే ఏటి మీటర్స్ వరకు దీని లతయితే మనకు ఉంటుంది బెస్ట్,ఎక్స్ట్రాపర్చేయితే చేయక్క లేదు దీనితోపాటే మనకు ప్రవేట్ చేస్తున్నారు దీని లెంతు దగ్గర మనకు త్రీమీటర్స్ వరకు దీని లెంతైతే మనకు ఉంటుంది ఇది అవటార్పై పనుమాట మెయిన్గా మనకు కారు చుట్టూ తెరగడానికి సరిపై అంతలెంతుంటుందంటే ఏటుమీటర్స్ వరకు దీనింతు
broken-vad_09__5BntK9iyo4-0,ఇది ఎందుకు అంటే కంటి డ్రేనేజ్ ముక్కులో ఉంటుంది ముుదిిల్కు ,ఎందుకు అంటే కంటి డ్రేనేజ్ ముక్కులోకుంటుంది డ్రేనేజ్చు ఈ కంటి మూలకు ముక్కు దిగుతుంది చిన్నపిల్లకు చాలా సన్నాహా వైల్మాధీతుంటుంది అంత సన్నాహా ఉంటుంది
broken-vad_09_g1vCoK8wf-U-1,కి తర్వాత పెట్టఓ నెక్స్ట్ ఎప్పుడైనా స న్వసట్మెంట్ గాన ఏం చెప్తారు దీట్లో ఎంతరీసుకుంది అుగుతారు కదా రస్ికపటిఫర్ గెట్టిగ ఇంటస్మెంట్ ,కాసు నెక్స్ట్ ఎప్పుడైనా సరే ఒక ఇండ్రేస్కు కదా రిస్క్ లేదా అన్నింటి కే పరామీటర్ బిఫోర్ గెట్టింగ్ ఇంట్రు
broken-vad_104_bDiT5kKKnjY-1,బాగానే వచ్చింది ,బాగానే వచ్చింది
broken-vad_10_1D2HGDhR4OE-1,ఎక్కువ శాతం ఉంటుంది నత్సలో అని చెప్పి అది ఎంతవరకు న చెప్తారా అందరికీ మీరట్లు కలిస్టాలు ఉంటుందనే భయంతో చేడు ప క్రుచి ఇష్టమైనప్పటికీ దూరం చేస్తూ ంటార అసలు నది ీరోఅంటే అందులోఉంటుంది  మంచివలో ఉన్నాయి కాబట్టి  ,కోలెస్ట్రాల్ ఎక్కువ ఉంటుంది నాట్స్లో అంచెప్పి అదంతవరకు నిజాపుతారా అందరికీ మీరన్నట్లు కోలెస్ట్రాలు ఉంటుందనే భయంతో జీడిపప్పు యొక్క ఋషి ఇష్టమైనప్పటికీ దూరం చేస్తుంటారు అసలు జీడిపప్పులో కోలెస్ట్రాలు అనేది జీరో అంటీ అందులో కోవుంటుంటుంటుంది
broken-vad_10_WSrcQ5d4eGs-1,సిట్కి మ్యూజిక్ జైకిప్టాకిఫీ నాకు సివిల్్అలా నీకేంటిలేరా ,సెడ్కీ మ్యూజిక్ జేకి ఫిట్రాక్ఫీ నాకు సివల్స్ అలా నీకేంటి
broken-vad_10_Yk7PuNPW7F4-0,దీంట్లో పెట్రోల్ ఇండియం్ తో పాటు రియర్లో బిక్స్ బ్యాటరీస్ వడం వల్ల కార్నిబాటసహాయంతో కొంతవరకు మితా పెట్రోల్సహాయంతోనడడం వల్లబెస్ట్ మ క్లై్ చేస్తుంది దీంట్లో సిక్సింగల్్్ గా ఉంటాయి కారికి కిలోమీటర్ వాట ప్రవేట్ చేస్తుంటే,దీంట్లో పెట్రోల్ ఇంచిందింది పాటు రీర్లో బిక్ సైజ్ బ్యాటీ సెట్టర్ ఇవ్వడం వల్ల కార్ని బ్యాటీ సహాంతో కొంతవరకు మిగతాది పెట్రోల్ సహాంతో నడవడం వల్ల బెస్ట్ మైలైజ్ లైం చేస్తుంది
broken-vad_11_NeOnmz8ziuk-0,లాంగ్గా ఉందియూట్యూబ్లో ్వతఅ ప్ చేసిది క ్డ మా్ ట్టిచ్చ,ప్రజి స్లాంగ్ తప్పుగా లోబాబు అంటే కుంది దాబా ఇచ్చినట్టు ఉంటది కది అభిమానం ఉంటది కది అంటే ఏ ఊర్స్లాంగ్ ఊరిది మంది డిఫరెంట్ కా యూట్యూబ్ కామెంట్ చూస్తున్నారు అర్థమైన స్లాంగ్ ప్రోపరాగా ప్లాన్ చేసింది కదు
broken-vad_11_tm2J-qlbHBY-1,తొడగొట్టడం స్కూల్లో నేర్పిస్తానాక్రికెట్ ,స్కూల్లో నేర్పిస్తారు
broken-vad_13_gcDJWr_Y8cU-21,ఇందాకా లీడ్ లో ఉన్నటువంటి ంటి్ గరిటీ కాబట్టి మేను ఒకసారి రూల్  చేేస్తాను చిరజీవి గారు రూలస్ ఏంటి అంటే మేము కొన్ని క్వ్న్్ అడుగుతా ఆ క్వెశ్చన్స్ కి ఎవరైతే ఎక్కువకూడా ఫాన్స చెప్తాను అని చాలెజ్ చేస్తారో వాళ్ు చెప్పాలి కి లేండిరా వెళ్ని ,ఇందాకా లీడ్లోనేటువంటి పాటి స్పెన్స్ చిరంజీవిగారి టీం కాబట్టి చెనుకసరి రూల్స్ ఎక్ప్లేంచేస్తాను చిరంజీవిగారు రూల్స్ ఏంటి అంటే మేవు కొన్ని క్వెస్టింగ్లు అడుగుతాం ఆ క్వెస్టింగ్లకు ఎవరైతో ఎక్కువ నంపులు చెప్తాను అని చాలంజ్ చేస్తారు
broken-vad_13_gcDJWr_Y8cU-40,లలాస్ట్ రిక్వెస్ట్ ఒక్కసారి మినోట్తో డొట్ స్టాప్ లాఫింగ్ సుమా అడ్డ లోడింగ్ స్టా్ లా్ ా లోడ,మలాస్ట్ రిక్వెస్ట్ ఒక్కసారి మీ నోటి తో డోన్ స్టాప్ లాఫ్ ఇంగ్ సుమార్డా లోడింగ్ లాఫ్ లాఫ్ ఇంగ్ సుమార్డా లోడి
broken-vad_13_vkJs4WLK2WU-0,డెఫినెట్గా అందరికీ భయమది అందరికీ భయపడ్డారు సెకఇట ఏంటంటే అసలు హెల్త్ ఇన్షూన్స్ అనేది ఒకటి ఉండాలి అని చెప్పేసి ఓటి వాళ్ళకి ఆలోచను ్గా వచ్చింది ఎందుకంటే అత ముందువరకు హెల్త్ డబ్బులరావు వేస్ట్ రాబ్ర,డెఫ్నెట్ కాన్నదికి భయమైనంది అందరికీ భయపడ్డారు సెకండ్ ఇంపట్ అంటే ఆసలు హెల్త్ ఇంసన్స్ అనేది ఒకటి ఉండాలి చెప్పేసి ఓటీవాళ్లకి ఆలోచన నిర్మాటకు డెఫ్నెట్ కావచ్చినారు ముందువరకు హెల్త్ పాల్సీలు గడితే డబ్బులను వేస్తున్నాయి
broken-vad_13_vkJs4WLK2WU-1,ఆలోచనే ఉండేది కరెక్ట్ కానీ ఈ సిట్ుయేషన్ లో మాత్రమే అందరికీ ఆలోచన లేదు అవునడి అవునడి అయితే ఆయన నాకు కాల్ చేసారండిఆల్మోస్ట్  టైంలో కాల్ చేశామాట అప్పుడు ఇంకా మ దగ్గర చాలా సిటేషన్ ఇంకా కొస్త జ్లో ఉన్న ఆ టైం లో అంటే ఇప్పుడు మన హాస్పిటల్డి ,ఆలోచనే ఉండేది కానీ ఈ సిస్టివేషన్లో మాత్రమే అందరికీ ఆలోచననేదు అవునండి అయితే ఆయన నాకు కాల్చీసరింది అల్మోస్ట్ జూన్ జూలియా టైమ్లో కాల్చీసరింది ఇంకామం దగ్గర చాలా సిట్యూషిసిన్నేది ఇంకాకుస్తా పీక్ స్టేజీలో ఉందాపు ఆటైమ్లో ఇప్పుడు ఏ హాస్పిటలు మూ�
broken-vad_14__5BntK9iyo4-0,ఈ మొటమెల అనేది డే ఆల తయారు ేసే గ్రందులు ఎక్కువ పెిగిఎక్కువ తయాుేసిిమసుోతే అక్కడే గడడగట్టి మ తయారతభక్ువ,ముటుములు అనేది మన చర్మంలో ఉండే ఆయిల్ తయాజేసే గంధులు ఎక్కువ పెదిగి ఎక్కువ ఆయిల్ తయాజేసి మూతి మూసుకపోతే అక్కడినే గడ్డగడ్డి ముటుములు తయారైతే ఇవి హాల్మోన్స్ ప్లభావం వల్ల ఎక్కువైతాయి
broken-vad_15__5BntK9iyo4-0,మామూలుగా చూస్తూ ఉంటాం నవ్వడం అనేది మొట్టమొదటి పక్ష్ నేర్చుకునేది పిల్లలు మనం చూసి మనంనిి ాళ్నవ్వడం అనేది ఆ నుంచి మమి వా మధ్య మామూలుగా చూస్తూ ఉంటాం ఎప్పుడైతే వాడు ఆ,చూస్తుంటం నవ్వడం అనేది మొట్టమొదటి పర్సనల్ సోషల్ ఇంటర్షన్ నేర్చుకునేది పిల్లలు మనం చూసి మనం నవ్వితే వాళ్ళు నవ్వడం అనేది ఆలు నుంచి ఎమ్మిది భారాల మధ్యన మామూలుగా చూస్తూ ఉంటాందింది
broken-vad_18_4NOLJrZMHOE-0,వెళ్లిపో పోల్స్ తేసుకుంటే నాకు్దనినెక్స్ట్ మంనెక్స్్ డెలివరీకి ఇప్పుడు తీుకుంపంటే  దానికంటూ కొన్నిస్పెసఫిక్ వెయిటింగ్ ్్ ఉంటాయి  దాంట్లో లబ్ హెల్త్ అడ్వన్డేజ్ ఒకటి కేరహెల్త్ జాటుడే అని రెండు పాల్సులు ననాి ఆ రెండల ఏంటంటే నైన్మ,పోల్స్ చేసుకుంటే నా కవరస్తులు  నక్షి మందు నక్షివిక్ అడ్మెంట్ వాళ్లి డెలివరీకి ఇప్పుడు తీసుకుంటుందని కవరైపోతుంది అవుదం దానికంటూ కొన్ని స్పేసివిక్ వెయిటింగ్ పేట్టు ఉంటాయి
broken-vad_19_Yk7PuNPW7F4-0,ఫ్రెట్కన్నారు,ఫ్రెంట్ కెమెరా ప్రొవేడిస్తున్నారు
broken-vad_19_Yk7PuNPW7F4-1,వఆర్విఎం విత్ టన్నింటికేటర్ ,వార్వ్యం విత టర్న్ ఇండికేటర్ బొటంలో కెమెరాలెన్స్ ప్రొవేడ్ చేసినారు విండో క్రోమ్ బెట్ లైన్ పైనరూఫెల్స్ పెనరామిక్సన్ రూఫ్ ఫిరియర్లో షార్క్ ఫినాంటిన స్టాప్లైట్ డిఫాగర్ వైపర్ కంబైండ్ ఎల్ఎడ్ టెయిలాండ్ శరీయర్లో చాలా బ్యూట్ఫులుగా కనిపిస్తాం
broken-vad_19_Yk7PuNPW7F4-2, ,స్థాయి  బ్యాడ్జింగ్ టర్న్ ఇండికేటర్ బ్రేక్లెట్స్ పార్కింగ్ సెన్సర్స్ ప్లేట్స్
broken-vad_19_q_u-4osc610-1,ఎక్స్ చేంజ్ ట్రీడె్ ఫన్స్ ఎక్స్ చంజ్ ట్ీడెట్ ఫన్స్ పనితీరు కూడా ఇండక్స్ ఫన్స్ పనితీరు లాగే ఉంటుంది రెండిటిలో వివిధ సంస్థల్లో వివిధ రంగాల్లో మదుపు చేసే అవకాశం ఉంది కానీ ఈ రెండు ఫన్స్ మధ్య ముఖ్యమైన తేడాలు కొన్ని న్నాయి ఎక్స్ చేం్ ్రీడెట్ ఫన్స్ పనితీరు నిర్దేశించిన,ఎక్స్ఛేంచ్ ట్రీడెడ్ ఫన్స్ ఎక్స్ఛేంచ్ ట్రీడెడ్ ఫన్స్ పనితీరు కూడా ఇండెక్స్ ఫన్స్ పనితీరు లాగే ఉంటుందే రెండింటిలో వివిధ సంస్థల్లో వివిధ రంగాల్లో మదుపు చేసే అవకాశం ఉందే కానీ ఈ రెండు ఫన్స్ మధ్యం ముఖ్యమైన తేడాలు కొన్ని ఉన్నాయి
broken-vad_20__5BntK9iyo4-7,ఇంట్లో పెద్దవారు న్యూ బాన్స్ లో ఎకి వెనుక కారణం ఏ ఉంటుంది మీరే చూడండి నజత శశవవచ్చగురించి మీకు ఆసక్తికరమైన విషయం చెప్పాలిశిుిర మే కాదు కడుపులో ఉండగా కూడా  వస్తాయని మీకు తెలుసా కకడుపు,ఇంట్లో పెద్దవారు న్యూబాన్స్లో ఎక్కిల వెనుక కారణం ఏమయుంటుంది మీరే చూడండి నవజాత శిశువుల్లో వచ్చే ఎక్కిల్ల గురించి మీకు ఆసక్తికరమైన విషయం చెప్పాలి శిశువు పొట్టిన తర్వాత మాత్రమే కాదు కడుపులో ఉండగా కూడా ఎక్కిల్లో వస్తాయిని మీకు తెలుసా ఇక కడుప
broken-vad_26_kEnzBCowpjg-0,రోయిలో ఎప్పుడు మాటనో గార్లు బోరిలు కాజాలు లడ్డులు ఒకట  ఉన్నకర మచపట్మని పెట్టావా న,ఇలాపుడు మాటను గారులు భూరులు కాజాలు లడ్డులు ఒకట ఎన్నో ఉన్నాయి కుమ్మేండు
broken-vad_34_kEnzBCowpjg-1,అమ్మా ఇక్కడ నేను చిన్నప్పటి నుంచి గోదావరిలో ఉన ఉంటున్నాను కదా గోదావరి అంటే జస్ట్ ఒక ప్లేస్ అమ్మాయి ఏదో సాంక్రాంతి మూడు రోజులు హ్యాపీగా ఫీలపోవడం తప్ప ఇక్కడ బాగాలేదు ,ఇక్కడ నేను చిన్నప్పించి గోదావరింటి గోదావర్ అంటే  ప్లేస్ అమ్మా ఏదో సంక్రింతికి మూడు లోజ్ హ్యాపీగా పీలే వెళ్లుపోవడం దప్పా ఇక్కడ బాగుబడి పెదిగొడి ఏంలేదు
broken-vad_48_vkJs4WLK2WU-0,అందరికీ వేలకు వేలు కట్టుకోలేదు లక్షలకు లక్షలు కట్టుకోలేదు ఒక సామాన్యమైన రోజువారి కూలీ చేసుకునే వాళ్ళు కూడా ఇరవది రూపాయాలంటే వాళ్ళకి పెద్ద సమస్య ు అలాంటి పాలసీ అనేది తీసుకుని వాళ్ళకి ఏదైనా కవరేజ్ కావాల్సి వచ్చిన ఇట్లా చేయడం అనేది నిజంగా ఒక మంచి పని చేస్తున్నట్లేండిచ,అందరికీ వేలకబేలు కట్టుకోలేరు లక్షలక్షల కట్టుకోలేరు ఒక సామాన్యమైన రోజువారీ కూలి చేసుకునే వాళ్లు కూడా ఇరవైదు రూపాయలంటే వాళ్లకు పెద్ద సమస్యములు అలాంటి పాలసీ తీసుకుని వాళ్లకేదిన కవరేజ్ కావాస్తున్నవుడు ఇట్లా చేయటవనేది నిజంగా ఒక మంచి పంజేస్త�
broken-vad_74_Yk7PuNPW7F4-0,ఈవి మోలోనే మనం దగ్గరగర టూ త్రీ కిలోమీటర్స్ వరకు డ్రైవ్ చేయొచ్చు అయితే మరీ హడడ్స్ఫీల్లో మనం ూ్రీ కిలోమీటర్ డరైవ్చేచ్చు అంటే కాదు ఒక సర్టైన్స్పీల్లో మాత్రమే మనం ఆ టూత్రీ కిలోమీటర్స్ డ్రైవ్ చేయాలి తర్వాత ఆటోమేటిక్గా దానింతా పెట్రోల్లోకి షిఫ్ట్ అయిపోతుందిన్మాట అలా పెట్రోల్ మూలో నరపాల్సి ఉంటున తర్వాత పెట్రోల్ మూ్లో నడిపేటపుడేమో,దగ్గరేదిన టూరీ కిలోమీటర్స్ వరకు డ్రైవ్జేయువచ్చు అయితే మరీ హండడ్ స్పీల్లో టూరీ కిలోమీటర్స్ డ్రైవ్జే వచ్చింటే కాదు ఒక సర్టైన్ స్పీల్లో మాత్రమే మను టూరీ కిలోమీటర్స్ డ్రైవ్జేయాలి తర్వాత ఆటమేటిగా దానంతటాలు పెట్రోల్లోకి షిపోతుంటుందిని పెట్రో
broken-vad_93_0OR5H_QiQD8-0,సాయపన్నట్ట,సాయి పడ్డావరా
broken-vad_93_0OR5H_QiQD8-2,ఇటిడబ్బీటి ,ఇటీ
vad_00_JHFcHueFxBw,ఎలక్ట్రానిక్ సిటీ భారీ వర్షంతో అతలాకుతులమైంది కొండపోత వర్షం ఉరుములు మెరుపురుతో బెంగళూరు ప్రజలు తీవ్రంగా ఇబ్బందులు పడుతున్నారు ,ఎలక్ట్రామిక్ సిటీ భారీ వర్షంతో అతలాకులమైంది కొండపోత వర్షం ఉరుముల మెరుపులతో బెంగుళరు ప్రజలు తీవ్రంగా ఇబ్బందును పడుతున్నారు
vad_00_KpH6El_W0AI,నమస్తే వెల్కమ్ ్ టీవీ నేను మీ విష్ణూప్రస్తాపతో పాటు సర్టిఫడ్ ఫైనాన్ల్ ప్లానర్ రామ్ ప్రసాద్ కారుారు వారితో మాట్లాడదాం ,నమస్తే వెల్కప్ టుస్విమాంట్ టీవీ నేను మీ విష్ణు ప్రస్తుబతి ఫాటు సర్టిఫైడ్ ఫినాన్షిల్ ప్లానర్ రామ్ ప్రసాద్ కారణారు వార్త మాట్లేడదోంది సన్నవస్తు సర్
vad_00_OY9xCzgKIJg,గాలి నీరు భూమి మనిషి జీవితంలో ఈ మూడు చాలా ముఖ్యం ఇవే మంచిగ లేకపోతే మనిషి బతుకుడు కూడా కష్టమే అయితే వీటిని ఎంత మంచిగా చూసుకోవాలి కానీ రోజురోజుకి ఇవన్నీ కరాబతున్నాయి మనం చేసే తప్పుల తోటి పర్యావరణం పాడైతుంది ప్రపంచ పర్యావరణ దినోత్సవం సందర్భంగా స్పెషల్ స్టోరీ ,గాలి నిరూభమే మనిషి జీవితంలో ఈ మూడు శానముఖ్యం ఇవ్వే మంచుకు లేకపోతే మనిషి బతికొడు కూడా కష్టమే అయితే వీటిని ఎంత మంచుగా చూసుకోవాలి కానీ రోజురోజుకీ వన్నీ కరాబైతున్నాయి మనంచేసే తప్పులతోటే పర్యావరణం పాడైతుంది ప్రపంచ పర్యావరణ దినుత్సవం సందర్పంగ�
vad_00_kEnzBCowpjg,అలా వీడియో పడిపోగానే మీరుఎలా చూలంటేుంటేం ,వీడియో పడిపోకానే మీర్లాజు వేయాలంటే అక్కిందండిగా అంటగోటేండి అదిపోతే యాదవకు అదావి సంతిని డబ్బుల్ బుద్ధ బెత్తడు దాయిత్రుగొట్టుకొనడి రూములో నీళ్లండో ఏవు ఉండవ నీళ్లత అంటాడు అయ్యమరావు ఎందుకురు ఏవేవేవేవంటే నెక్షికి చెత్తేశారు బోరేహం అంటాడు
vad_00_q_u-4osc610,బ్యాంకులపై నమ్మకం నిర్దేశిత వ్యవధి తర్వాత మనకు రావాల్సిన మొత్తాన్ని తీసుకుని వెసలుబాటు ఉండడంతో చాలామంది డబ్బును ఫిక్స్్ డిపాజిట్లు చేస్తారు ,బ్యాంకులపై నమ్మకం నిర్దేశ్థ వ్యాబతి తర్వాత మనకు రావాల్సిన మొత్తాన్ని తీసుకునే వెస్తులుబాటు ఉండటంతో చాలామంది డబ్బును ఫిక్స్ట్ డిపాజెట్లు చేస్తారు
vad_01_1XKs15LyN7c,పిల్లలను వృద్ధులను ఆసుపత్రికి తీసుకెళ్లాలన్న రోడ్లపై చిక్కలు కనిపిస్తాయి అయితే ఎలాంటి టెన్షన్ లేకుండా మాకు కాల్ చేయండి మేమే ఇంటికి వచ్చి వైద్యం చేస్తామంటుంది కాల్ హెల్త్ మెడికల్ సర్వీసె్ సెంటర్ ,పిల్లలను వృద్దులను ఆసుపత్రికి తీసుకెళ్లాలన్న రోడ్లపై చుక్కలు కనిపిస్తాయి అయితే ఎలాంటి టెన్షల్ లేకుండా మాకు కాల్ చేయండి మేమే ఇంటుకొచ్చి వైద్యం చేస్తామంటోంది కాల్ హెల్త్ మెడికల్ సర్వీస్ అంటే
vad_01_JHFcHueFxBw,కర్ణాటక రాష్ట్రంలో భారీ వర్షాలు కురుస్తున్నాయి బెంగళూరు సిించికొట్టింది భారీ వర్షం నిన్న సాయంత్రం నుండి ఊరుములు మెరుపురితో కూడిన వర్షం నగర ప్రజల్ని తీవ్రంగా ఇబ్బందులు పెట్టింది దీంతో నగరంలోని పలు ప్రాంతాలు రహదాల్లు నీట మునిగాయి కొండపోత వర్షరంతో వాహనదారులు తీవ్రంగా ఇబ్బందులు పడుతున్నారు నగరంలో పలుచోట్ల వర్షపునీటితో ్రాఫిక్ ఏర్పడింది భారీ వర్షానికి రా నిలిచిపోయింది విమానాశ్రయానికి వెళ్ల ప్రయాణికులు తీవ్రంగా ఇబ్బందులు పడుతున్నారు వరుసుగా నాలుగు రోజుల సెలవలతో బెంగళూరు నగరానికి చేరుకున్న పర్యాటకుల వ్షహోట పరిమితమయ్యారు మరోవైపు రాష్ట్రలోని పుత్తూరు మాణిలో అత్యికంగాు ంమీట వరషం కురిసింది ర్మస్లతెమాగు ప్రాంతాల్లో ఐదు సంటీమీటరలు మూునాడు హా్ట్రనాట పటూరులో నాలుగుసెంటమీట్లు మంగళూరుమాడియా ఆలూరులో మూడుసంటమీల వర్షం నమోదైంది మరోవైపు తెలుగు రాష్ట్రాంలో మూడు రోజుల పాటు వర్షాలు కురిసే అవకాశంఉంది తెలంగాణలో రాగల మూు రోజులు అలాగే ఆంధ్ర ప్రదేశ్లో ఇవాటి నుండి మూడు రోజులపాటు ర్ష ,కర్ణాటక రాష్ట్రలో భారీ వర్షాలు కురుస్తున్నాయి బెంగలోర్ సిటినీ దంచికొట్టింది భారీ వర్షం నిర్ణసాయితుల నుండి ఉరముల మెరుపులతో కూడిన వర్షం నగర ప్రజల్ని తీవ్రంగా ఇబ్బందులు పెట్టింది దీంతో నగరలోని పలు ప్రాంతాలు రహదార్లు నీటమునుగాయి కుండపోత వర�
vad_02_L9XotmWDVC4,ఆగ ఏం పిల్లస్తుం తెిపోతానవుఏంటి  ,ఆగ ఏం పిల్లస్తుంది తెలిపోతున్నాను నాను డిసైడింగ్ కెలిపోచేసినాను
vad_02_xpMl4UJUzC0,దావోస్వేదికగా తెలంగాణకు పెట్టుబడుల ప్రవాహం కొనసాగుతోంది ప్రపంచ ప్రఖ్యాత కంపెనీలు రాష్ట్రంలో ఇన్వెస్ట్ చేసేందుకు ముందుకు వస్తున్నాయి ,దావోస్వేదికగా తెలింగాణకు పెట్టుబడల ప్రవాహం కొనసాగుతోంది ప్రపంచ ప్రఖ్యాత కంపెనీలు రాష్ట్రంలో ఇన్వెస్ట్ చేసేందుకు ముందుకు వస్తున్నాయి
vad_03_0OR5H_QiQD8,రాజు రాజఏందే సూతి ,రాజు వ్యారాధ్  సూత్రు నాగలే రెండే అన్నాయి
vad_03_xpMl4UJUzC0,సాఫ్ట్వేర్ దిగ్గతి సంస్థ మైక్రోసాఫ్ట్ పొదరు వేల కోట్ల పెట్టుబడితో హైదరాబాద్లో మరో మూడు డేటా సెంటర్లను ఏర్పాటు చేయనున్నట్లు ప్రకటించింది ,సాఫ్ట్ వేరు దిగ్గత సంస్థ మైక్రోసాఫ్ట్ పదారు వేల కోట్ల పెట్టుబడితో హైదరాబాద్లో మరో మూడు డేటా సెంటర్లను ఏర్పాటు చేయనున్నట్లు ప్రకటించింది
vad_04_0OR5H_QiQD8,అమమకదేవినికి సాలకదేవిికి మూర్పుకడిపిన ూి ,తమ దేవునికి సారకదేవునికి మూడుపు అయిట్టిన మూడు వెళ్లించినావా దారం మనం పోయి
vad_04_L9XotmWDVC4,ాి సింపుల్గా కరకవిత యా నువ్వా యా ,స్యాలిక్ సింపులు కవిత్ రూపం చేపిదు
vad_05_NeOnmz8ziuk,మన స్లాండ్ డిఫరెంట్ గా ఉంది ఎవడు చెప్పలేదు ,మన స్లాంగ్ డిఫరెంట్ ఉందని అవుడు చెప్పలేదు
vad_06_0OR5H_QiQD8,ఆయని రానే పోడినసారి నీ సాగుచేష్ రాంపో ద ంపసుకో మన మన మంచుచుకంటే మలలతాదుదేవ ,పోయిన చారే నద్రం సాగు వేష్ణవు రానుపావు రానానాదు శంపర్శాల మనం మనలు మంచుకుంటే మల్లతమన్నానాదు ఆ దేవత సిన్నర్ కోపనికారు
vad_06_ChbBFnO-XRU,మీ కొంచెం ఇంటర్నెట్ మీద అవగాహన ఉంటే మీ అవగాహనకి బుక్ తోడయితే డెఫినిట్  చేసుకోవచ్చు ైనా సరేానహౌస్ వైఫ్స్ కానస్టూడెంట్స్ కనీఖాళీ సమయాల్లో మ చేసుకోవచ్చుిట బుక్ గురించి అ్ కాంటాక్ట్  ,మీ కొంచెం ఇంటర్నెట్ మీద అవగాహనుంటే మీ అవగాహనకి బుక్కు తోడైతే మీ డెఫెనెట్లీ మనీయర్ చేసుకోవచ్చు ఎవరైనా సర్య రిటైడెంప్లైస్ కానీ హౌస్ వైవ్స్ కానీ స్టూడెంట్స్ కానీ మీ కానీ చేసుకోవచ్చు సురేష్ బుక్కురించి అండ్ కంటాక్ట్ డీటీల్స్ నేంది డిస్క్రింట
vad_06_E8KRQoNpp8Y,ఇవండి ఏవతే ఐదు కంపెనీస ఐదు కంపెనీస్లోనేఈ పెట్టుబడి చేసేవాళ్ళ కేటీస్ ప్రకారంగా వాళ్ళ యఒక స్టేక్ఎంతని పెంచుకున్నారని డిో మాత్రం కాదండి మీ్ చేసుకున్న తర్వాత  సంప్రదించుకున్నాకే చేయాలా వద్ద అనే నిర్ణయాన్ని మీరు సొంతగా తీసుకోవాలని కోరుకుంటూ ిో చేస్తూ  ఫీడ్ బ్యాక్ని లో తెలియపర్చడం మర్చుకోకండి  ,ఇవ్వండీ ఏవైతే ఐదు కంపెనీస్ లోనే పెట్టుబడి చేసే వాళ్ల కాటగిరీస్ ప్రకారంగా వాళ్ల ఒక స్టేక్ ఎంతాన్ని పెంచుకున్నారని రెఫ్నట్కేదు రెకమెంటేషన్ చేవియో మాత్రం కాదండి మీ ఒక డ్యూడెలిజెన్స్ చేసుకున్న తర్వాతే మీ ఫెనాన్స్ట్ను సంప్రదించుకున్నాకే ఇన్�
vad_06_kEnzBCowpjg,నేన్నే వదరగాడు చెప్పాడురా నీళ్లు తక్కువవారంటే గ్రౌండ్ ాడ రాలేదని ,తొల్లు కూటే నేన్నే వనర్ కడి చెప్పాడు నీళ్లు తక్కువ వారిండి గ్రౌన్ వాటర్ రాటిలేదని
vad_08_L9XotmWDVC4,ఏమేరాయవు నువరాయకపోతే ఇంకరరు చెప్పే ఏనాకోసం పెద్ద పె్ద నోట్సుల రా సిన్న కవిత లేక నీకు ఉల్న అమ్మంతని కాల్పడ ,ఏమే రాయివో నురాయకుపోతే కెవర్సారు చెప్పే ఏటా నాకోసం పెద్ది నోడ్స్ రాజీను కవితో లేకను ఉల్లాయమంతాన్ని ఆల్పడపోతున్నా రాసియే
vad_08_q_u-4osc610,ఇప్పుడు ఇలా తక్కువ రిస్కు ఉన్న మమార్ాను ఒకసారి చూద్దాం ుొన్ని ,ఇప్పుడు ఇలా తక్కువ రిస్క్ ఉన్న మదుపు మార్గాలను ఒకసారి చూద్దాం ఇండెక్స్ ఫంస్ మ్యూచువల్ ఫంస్ లాగే  ద్వారా మదుపు చేసిన మొత్తాన్ని వివిధ కంపెనీల షేర్లలు పెడతారు
vad_09_WSrcQ5d4eGs,నీనుచ్చిన ఎందుకు రాస్తాను గానకి నాన రాసుకు నాకే అర్థం కాటదియనడ ప్రతి ఒ్్తాాు ఇంగ్లీష్ ేటర్్తాసి చేస్తందే ,నోట్స్
vad_102_0OR5H_QiQD8,నేను ఆఫీసులో కూడా లంచ్ స్ఫూడ్స్ తో తిట్టాను ,నీరు ఆఫీసుల కూడా లాంచ్ స్పూన్స్ తింటాను
vad_109_bDiT5kKKnjY,ప్రాపర్గా లేదు అంటే ప్రొఫెషనల్స్ అయితే దీని పర్ఫెక్ట్ గా యూ్ చేస్తారు కావచ్చు అయితే నా ఉద్దేశం ప్రకారం ఎవరూ యూ్ చేసినా కూడా పర్ఫెక్ట్ గా వస్తేనే అది మనకు యూస్ అవుతుంది తప్ప ,ప్రాపురగా లేదు అంటే ప్రొఫెషనస్ అయితే దీని పర్ఫెక్ట్ గా యూజ్ చేస్తారుగా వచ్చు అయితే నా ఉద్దేశం ప్రకారం ఎవరూ యూజ్ చేసినా కూడా పర్ఫెక్ట్ వస్తాయి అది మానికి యూజ్ అవుతుంది
vad_115_bDiT5kKKnjY,ఏ విధంగా ఉంటుందో మరీ అంత అయితే ఎక్స్పెక్ట్ చేయడానికితెలేదు మనకి ఫోన్ కావాలి వెికిల పైన ఫోమ్ ఆగినెట్లుగా ఉండాలి మనం ఆడుకోవాలి తక్కువ ప్రైస్ లో కావాలనుుంటేం తీసుకోవచ్చు ,ఏవిధంగా ఉంటుందో మరీ అంతాయితే ఎక్స్పైజేటర్ కైతలేదు మనకు ఫోమ్ గావాలి వేకిలిపైన ఫోమ్ ఆగినట్లుగా ఉండాలి అడుకోవాలి తక్కువ ప్రైస్లో కావాలనుకుంటే దీనైతే తీసుకోవచ్చు
vad_11_q_u-4osc610,సాధారణ మ్యూచువిల్ ఫన్స్ ఒక ఫండ్ మేనేజర్ ఆధ్వర్యంలో మార్కెట్ కంటే మంచి పిచాలన చేస్తూ ఉంటాయి కానీ ఉంటే చాలని పనిచేస్తాయిహ,సాధారణ మ్యూచివల్ ఫన్స్ ఒక ఫండ్ మేనేజర్ ఆధ్వర్యంలో మార్కెట్ కంటే మంచి పనితీరు చూపించాలని పనిచేస్తూ ఉంటాయి కానీ ఇండెక్స్ ఫన్స్ మాత్రం సదరు సూచికి తగినట్టు పనితీరు ఉంటే చాలని పనిచేస్తాయి
vad_12_R4kPm3KHUcw,రేమచ్య ఏరా అంటే ఏమైందిరా అంటే  ఎమ్మెల్య కొడుకు నేవి పేస్తనిూ్తంటే భయ ఫోన్ చేస్తాండా ,మచే యాండోర్ అంటే ఏమైంది అంటే ఏమినుది అమ్మీలు కుడుకు నేను వికరాబాదడిలో చంపేస్తుండానే ఏమో కూతులు గూస్తాం అంటే బైపుడు ఫోన్ చేస్తాండా
vad_12_bDiT5kKKnjY,టయాప్ కే ఫీట్ చేసుకోవాలఅనుకుంటే మనకు ఇలా కనెక్టర్ కూడా ప్రొవేడ్ చే్తుననారు టే మనం బకెట్వాటర్ తోటి మనం కార్వాష్యాలఅనుకుంటే ఫిల్టర్ అయితే ప్రొవేడ్ చేసతున్నారు మనం అయితే దీన్ని వాడుతున్న ఇవ్వాల అలాగే ఇది ,టాప్ కే ఫిడ్చేసుకోవాలనుకుంటే మనకు ఇలా కనెక్టర్ కూడా ప్రోవేడ్ చేస్తున్నారు
vad_12_kEnzBCowpjg,ందాకే షాప్  తీసుకొచ్చాు ,ఇది వారు పూతుడేకు ఇందాకే షాబ్ ను తీసుకువచ్చారు
vad_15_Qr81X7ADSC4,పర్ఫెక్ట్ ద పొజిషన్ కూడా కొద్దిగా ండకొద్దిగ ఇఉండేదిచాలా బాగుందిిని సెంటర్ స్టాండ్ ఉంది సైస్టడ్ ఉంది  ఉంది ,పర్ఫెక్ట్ ఉంది పొసేషన్ కొద్దిగా హ్యాండ్లు ఇంకొక కొద్దిగా ఈ రేంజ్ కొస్తుందుకు ఇంకా పర్ఫెక్ట్ ఉండది కొంచెం బెండవాలి రీచాలంటే చాలా ఉంది  సీటింగ్ కంఫర్టైతో దీనికి సెంట్రస్టాన్ ఉంది సైట్స్టాన్ ఉంది ప్రోఫైల్ కుండాకు రెండుముకు సెవంట్యించు ఎల్ల�
vad_15_q_u-4osc610,మిగిలిన డబ్బులు వేటేజీ ఆధారంగా ఇతర స్థల మదుపు చేస్తారుఒళదైసెన్స ము్సూచీలో స్థానం కోల్పోతే వెంటనే ఆ సంస్థలు అటిదాక మదుపు చేసిన మొత్తాన్ని కొత్తగాజచసిన్ర ,మిగిలిన డబ్బులు వైటేజీ ఆధారంగా ఇతర సంస్థలలు మదుపు చేస్తారు
vad_21_tm2J-qlbHBY,నిలుతానరిక్తే రెండు మల్లా అడ్డంగారిత నాలుగతావ అని చెప్పు,నెలవుతాను అరకుతున్నా మల్లు అడ్డంగా నారుగైతా వండు
vad_22_ChbBFnO-XRU,ఫైవ్ మినిట్స్ మా్ మీరు రోజ్ చచేస్తాు నేను చూస్తాను  లైఫ్  ూ ,ఫైమిన్ మాడు మీరు రోజు చేస్తారు లేనచూస్తామో మీ షో వేమీ ప్రు నేను లైవ్ గా చూస్తున్నారు
vad_24_bDiT5kKKnjY,మనం టైర్స్ దగ్గర మరీ ఒంగి ార్ట్యితే గిన స్ప చేయాల్సి ఉంటుంది అదే మ యూస చేసేఅనుకోండి  అవసరయితే ఉండదు ఈ విధంగా ఉంటుంది నేను జనరల్ గా ర్ట్గ అయితేఫర్టబుల్ గా ఉంటుంది అంటే ా్ట్గలాగా అలాగే మనటవటిలగా యూస్ చేసే అవకాశం ఉంది కాబట్టి నేను దీన్ని ప్రఫర్ చేడానికి ఇది కూడా  చెప్పుకోవచ్చు ,మనం టైర్స్ దగ్గర మరీ వంగి షాట్ గన్నతయితే వంగి స్పేజ్ యాల్సుంటుంది అదే మనూ ఎక్సెన్షన్ రాడ్గానుగా యూజేసే అవకాశం ఉంది వంగనవసరాయితే ఉండదు వీదంగా ఉంటుంది నేను జనరల్గా షాట్ గన్ అయితేనే కంఫర్ట్లుగా ఉంటుంది అంటుంటుంటుంటుంటుంటుంటు
vad_32_R4kPm3KHUcw,సినిమా అది ఏందంటే  టైం వ పక్కన పెట్టుకాఇది ొట్పుడు ెచూస్తాకొంచెం ాగు్పుడుఆప్షన్లే మెయిన్ ప్లారిట్ అవుతుంది కదా యూట్యూబ్ లోటరేలిా ,సినిమాను అందిందంటే టైమ్ వాడు షెడ్యూల్ పక్కని బెట్టుకు నెలతాను ఇది బోర్గొడ్డి ఓపెన్ చేస్తాను ఆప్షనల్ చూస్తారు కొంచెం బాగుండా ఓప్షనల్ మెన్ ప్రారిట్ అవుతుంది జనాలకి నాకు నాకు పట్లు చేసే నాకు యూట్యూబ్ నాకు ఫ్యాన్స్ రథువాలు కాల్చేశాలు ఉక్రైను
vad_35_0OR5H_QiQD8,ఏమబణికి ,ఏవైద్ర పానికి
vad_35_R4kPm3KHUcw,ఇక్కడ మనలాగా అక్కడపతథియేటర్లో ఎక్కడ ఉంటాయి ,ఇక్కడ మునలాగా అక్కడి భర్త కట్ థియేటర్లో ఎక్కడో ఉంటాయి
vad_38_ChbBFnO-XRU,గుండెలో నేను ఇది కూదా నేర్చుకున్న నిన్న ఈ రోజు వచ్చి కలుద్దాంటే హాట్ అంటారంటే గుండెలోని చూసుకుననా ,గుండెల్లో నేసుకున్నా తెల్సాని నిన్న ఇరోజు వచ్చి కలుద్దామంటే హాట్ కీమంటారంటే గుండెల్లో అని వచ్చుకున్నారు
vad_38_tm2J-qlbHBY,తొందరిదిను లేకపోతే ఎక్కడ మొత్తం తిను ,తొందరు దీనినో లేకబతే ఎక్కడేసుకుంటో మొత్తం తిను
vad_46_ChbBFnO-XRU,కానీ మీకు ప్రాబ్లం లేదు కదా  ఆదాహర తెలుగు మొత్తం నేర్చుకుండా ,కానీ మీకు ప్రాబ్లింగ్ లేదు కలా ఎర్రీ దాదాహ్యాన్ని నెన్నదెలిగా మొత్తం నేర్చుకుంటారు
vad_52_R4kPm3KHUcw,సినిమా అంటేది అల్టివేట్ ఎప్పటికైనా ,సినిమా అండది అల్టిమేట్ ఎప్పుడు
vad_57_0OR5H_QiQD8,ఎందుకంటే అలిల్ మీ బొబ్బర గుడాల్ సింగపూల సంద సదుబనిరపిన నువు నా చప్తా ,చెందుగారు అంటే అల్చాల్మే బొబ్బరగుడాలు సింగపుల సందు సందుకు బాన్ని నొప్పిన నూనాగుడు వెప్తాను
vad_66_Yk7PuNPW7F4,అబియస్గా హిలహోల్ కంట్రోల్ హిల్ డీసెంట్ కంట్రోల్ కొన్ని ఫీచస్ ఎక్స్ట్రాఫీచస్ అయితే మనకు ప్రవేట్ చేస్తున్నారు వన్పాట్ ఫలిటర్స్మార్ట్ ైబ్లో సిక్స్పీడ్ ఆటోమేటిక్ టార్్ గా ఉంటుంది ఇది ల్టా వేట్ నుంచి స్టార్ట్ అవుతుంది ల్టా వజీట ,హిల్ హుల్ కంట్రోల్  కంట్రోల్ కొన్ని ఎక్స్టా ఫీచే సైతం ప్రోవేట్ చేస్తున్నారు
vad_69_0OR5H_QiQD8,అరే మా బా సింగపూర్ ససరన ఏ మాట్లాడుతున్నారా ,మా బాస్ సింగపూలో సందించి నుండి ఏమార్లాడుతున్నారా
vad_71_ChbBFnO-XRU,ానీ ,ప్రాంక్ చేయని కానీ
vad_76_0OR5H_QiQD8,క మాటత్తున్న తావరావదముగ్రం మ ,మాట్టున్న తావుతారావుదముగ్గుణం చేర్చేదమ్మని నినా ఆన్ని పంకాకు ఉంచుతున్నారు మీరు కూడా అట్లే ఉంచురాను
